Epoch,Avg Train Loss,Avg Valid Loss
0,26.666637,12.754114
1,7.9938717,12.740764
2,9.336215,3.3876603
3,5.9558544,2.9989789
4,6.008081,2.2836273
