Epoch,Avg Train Loss,Avg Valid Loss
0,13.272221,7.496907
1,6.99369,6.517992
2,10.447899,6.564019
3,10.683017,6.011337
4,8.711589,4.988766
